period,type1_attendances,type2_attendances,type3_attendances,total_attendances,emerg_admissions_type1,emerg_admissions_type2,emerg_admissions_type3,total_emerg_admissions_ae,other_emerg_admissions,total_emerg_admissions,dtoa_over_4hr,dtoa_over_12hr,total_seen_4hr,type1_seen_4hr,type2_seen_4hr,type3_seen_4hr,total_breach_4hr,pct_4hr_all,pct_4hr_type1,pct_4hr_type2,pct_4hr_type3,financial_year,month,month_name,year,fy_month_pos,season,era,pct_4hr_all_pct,pct_4hr_type1_pct,pct_4hr_type2_pct,pct_4hr_type3_pct,at_target,attendance_index,performance_index
2019-04-01,1330825.0,49281.0,732059.0,2112165.0,398802.0,1787.0,4850.0,405439.0,129787.0,535226.0,66933.0,442.0,1797984.0,304221.0,800.0,9160.0,314181.0,0.8512516777808552,0.7714042041590743,0.983766563178507,0.9874873473312944,2019-20,4,Apr,2019,1,Spring,Pre-COVID,85.1,77.1,98.4,98.7,0,100.0,100.0
2019-05-01,1369332.0,50642.0,752032.0,2172006.0,406065.0,2145.0,4631.0,412841.0,134541.0,547382.0,61507.0,416.0,1694301.0,253619.0,639.0,7207.0,261465.0,0.8663106936105853,0.7908133008359418,0.9852802285135104,0.9897035502535896,2019-20,5,May,2019,2,Spring,Pre-COVID,86.6,79.1,98.5,99.0,0,102.9,102.5
2019-06-01,1334137.0,49233.0,724617.0,2107987.0,392446.0,1528.0,4696.0,398670.0,130131.0,528801.0,57671.0,462.0,1638461.0,250465.0,781.0,7336.0,258582.0,0.8636920723462779,0.7879605729335543,0.9813732738677288,0.9891140311176072,2019-20,6,Jun,2019,3,Summer,Pre-COVID,86.4,78.8,98.1,98.9,0,100.2,102.1
2019-07-01,1415918.0,52418.0,796714.0,2265050.0,408752.0,1840.0,5101.0,415693.0,138376.0,554069.0,58532.0,452.0,1763996.0,264384.0,751.0,10380.0,275515.0,0.8649112458819785,0.7892795458874745,0.9832148764024854,0.9859749061615832,2019-20,7,Jul,2019,4,Summer,Pre-COVID,86.5,78.9,98.3,98.6,0,106.4,102.3
2019-08-01,1324070.0,48786.0,752579.0,2125435.0,393710.0,1366.0,4877.0,399953.0,129278.0,529231.0,56498.0,371.0,1653995.0,254243.0,657.0,7830.0,262730.0,0.8629276500280426,0.7833338446539723,0.9843130700539612,0.9888367875610732,2019-20,8,Aug,2019,5,Summer,Pre-COVID,86.3,78.3,98.4,98.9,0,99.5,101.5
2019-09-01,1342510.0,48217.0,732618.0,2123345.0,391228.0,1363.0,7133.0,399724.0,130179.0,529903.0,64924.0,458.0,1630176.0,273446.0,815.0,7936.0,282197.0,0.852436214064934,0.7700109003559438,0.980136969608345,0.9883702867861488,2019-20,9,Sep,2019,6,Autumn,Pre-COVID,85.2,77.0,98.0,98.8,0,100.9,99.8
2019-10-01,1376347.0,50391.0,744147.0,2170885.0,412649.0,1810.0,6647.0,421106.0,142027.0,563133.0,80091.0,725.0,1635544.0,311503.0,886.0,7636.0,320025.0,0.836351977352883,0.7446165021242127,0.9793905559432426,0.9889785850269834,2019-20,10,Oct,2019,7,Autumn,Pre-COVID,83.6,74.5,97.9,98.9,0,103.4,96.5
2019-11-01,1366383.0,47179.0,729943.0,2143505.0,408116.0,1736.0,6607.0,416459.0,143097.0,559556.0,88922.0,1111.0,1571567.0,347294.0,846.0,9988.0,358128.0,0.8144121221229261,0.7132654779871929,0.9790723562152134,0.985269870484584,2019-20,11,Nov,2019,8,Autumn,Pre-COVID,81.4,71.3,97.9,98.5,0,102.7,92.5
2019-12-01,1373654.0,43458.0,763425.0,2180537.0,416017.0,3570.0,5047.0,424634.0,136161.0,560795.0,98461.0,2356.0,1565862.0,381159.0,468.0,14571.0,396198.0,0.7980703954007523,0.6863394876217499,0.9874223978069822,0.9794674877229076,2019-20,12,Dec,2019,9,Winter,Pre-COVID,79.8,68.6,98.7,97.9,0,103.2,89.0
2020-01-01,1327234.0,49597.0,737878.0,2114709.0,408501.0,1729.0,6311.0,416541.0,142517.0,559058.0,100579.0,2847.0,1555315.0,338870.0,665.0,9241.0,348776.0,0.816828082271278,0.7116748418495624,0.9843878389482332,0.9865329041039594,2019-20,1,Jan,2020,10,Winter,Pre-COVID,81.7,71.2,98.4,98.7,0,99.7,92.3
2020-02-01,1237255.0,45124.0,687312.0,1969691.0,374612.0,3231.0,4434.0,382277.0,128534.0,510811.0,78646.0,1621.0,1468379.0,296195.0,465.0,8647.0,305307.0,0.8278686306369899,0.7297012427382219,0.9879161144460904,0.9864763629595916,2019-20,2,Feb,2020,11,Winter,Pre-COVID,82.8,73.0,98.8,98.6,0,93.0,94.6
2020-03-01,1013021.0,32747.0,486033.0,1531801.0,319392.0,1394.0,5047.0,325833.0,102135.0,427968.0,51790.0,1174.0,1162096.0,212557.0,257.0,3987.0,216801.0,0.8427721577463726,0.7633701746026799,0.990945603156708,0.991183982133578,2019-20,3,Mar,2020,12,Spring,COVID,84.3,76.3,99.1,99.1,0,76.1,99.0
2020-04-01,689720.0,19726.0,207129.0,916575.0,252680.0,960.0,4288.0,257928.0,68653.0,326581.0,15720.0,251.0,739471.0,77357.0,44.0,734.0,78135.0,0.904434409727913,0.8727678828419125,0.99749430523918,0.9961780189224512,2020-21,4,Apr,2020,1,Spring,COVID,90.4,87.3,99.7,99.6,0,51.8,113.1
2020-05-01,924218.0,26479.0,311140.0,1261837.0,308798.0,1165.0,2756.0,312719.0,85687.0,398406.0,13457.0,93.0,1049584.0,71894.0,57.0,910.0,72861.0,0.935087242582042,0.9115850471565272,0.9975525976814084,0.9968183153154412,2020-21,5,May,2020,2,Spring,COVID,93.5,91.2,99.8,99.7,0,69.4,118.2
2020-06-01,1016132.0,30894.0,363576.0,1410602.0,332910.0,1344.0,3455.0,337709.0,99892.0,437601.0,17881.0,159.0,1165135.0,89368.0,152.0,1191.0,90711.0,0.9277690098945252,0.9002326505642111,0.9942874323511726,0.9964285071699742,2020-21,6,Jun,2020,3,Summer,COVID,92.8,90.0,99.4,99.6,0,76.4,116.7
2020-07-01,1120421.0,32759.0,435106.0,1588286.0,358671.0,1340.0,3372.0,363383.0,109843.0,473226.0,21025.0,271.0,1301061.0,111270.0,163.0,1845.0,113278.0,0.9199074620723886,0.8872683210507439,0.9940942028985508,0.9953840957706308,2020-21,7,Jul,2020,4,Summer,COVID,92.0,88.7,99.4,99.5,0,84.2,115.0
2020-08-01,1179019.0,32231.0,507753.0,1719003.0,365503.0,1217.0,3488.0,370208.0,104017.0,474225.0,32159.0,335.0,1367700.0,162951.0,313.0,2835.0,166099.0,0.8917074531930195,0.8432366078514937,0.9885242896425298,0.993930025072101,2020-21,8,Aug,2020,5,Summer,COVID,89.2,84.3,98.9,99.4,0,88.6,109.3
2020-09-01,1163948.0,33295.0,496637.0,1693880.0,365705.0,1208.0,3682.0,370595.0,109260.0,479855.0,44996.0,346.0,1319940.0,188521.0,287.0,3286.0,192094.0,0.8729565605006236,0.8163077189908866,0.9897390060779406,0.9928218324642784,2020-21,9,Sep,2020,6,Autumn,COVID,87.3,81.6,99.0,99.3,0,87.5,105.8
2020-10-01,1111958.0,33012.0,454377.0,1599347.0,367175.0,1270.0,3514.0,371959.0,109887.0,481846.0,66794.0,1268.0,1198227.0,218178.0,317.0,2507.0,221002.0,0.8442802394821414,0.7758909541002634,0.988192349238276,0.9940145208154768,2020-21,10,Oct,2020,7,Autumn,COVID,84.4,77.6,98.8,99.4,0,83.6,100.6
2020-11-01,1036350.0,31872.0,416954.0,1485176.0,343989.0,1155.0,3533.0,348677.0,105239.0,453916.0,71041.0,2148.0,1104337.0,210250.0,366.0,2137.0,212753.0,0.8384673788427518,0.7682107523752196,0.9859035587736866,0.994435649339152,2020-21,11,Nov,2020,8,Autumn,COVID,83.8,76.8,98.6,99.4,0,77.9,99.6
2020-12-01,1039474.0,29838.0,405362.0,1474674.0,351824.0,1146.0,3535.0,356505.0,103755.0,460260.0,89927.0,3745.0,1049849.0,255051.0,261.0,2542.0,257854.0,0.8028191416552535,0.7204304729041685,0.989247311827957,0.9931506664762576,2020-21,12,Dec,2020,9,Winter,COVID,80.3,72.0,98.9,99.3,0,78.1,93.4
2021-01-01,941194.0,25744.0,343868.0,1310806.0,343534.0,1085.0,3426.0,348045.0,97555.0,445600.0,95695.0,3825.0,912775.0,247232.0,253.0,2326.0,249811.0,0.7851247133545389,0.7005346557199925,0.9880423480480196,0.992635744815577,2020-21,1,Jan,2021,10,Winter,COVID,78.5,70.1,98.8,99.3,0,70.7,90.8
2021-02-01,903771.0,27972.0,346348.0,1278091.0,318460.0,1101.0,3485.0,323046.0,99378.0,422424.0,57152.0,1021.0,951715.0,179397.0,357.0,2581.0,182335.0,0.8392178475375865,0.773622404942534,0.9843845682792408,0.9919019829317268,2020-21,2,Feb,2021,11,Winter,COVID,83.9,77.4,98.4,99.2,0,67.9,100.3
2021-03-01,1161079.0,35656.0,494547.0,1691282.0,375926.0,1391.0,5605.0,382922.0,121004.0,503926.0,50972.0,688.0,1294748.0,203015.0,559.0,4755.0,208329.0,0.8613983182498302,0.8006659034273113,0.9806359983372592,0.9895664881303716,2020-21,3,Mar,2021,12,Spring,COVID,86.1,80.1,98.1,99.0,0,87.2,103.8
2021-04-01,1259266.0,35363.0,571603.0,1866232.0,385748.0,1261.0,5267.0,392276.0,117986.0,510262.0,48719.0,526.0,1415993.0,234255.0,461.0,8205.0,242921.0,0.8535662487627448,0.787619934378907,0.9839294429338352,0.9844375024894306,2021-22,4,Apr,2021,1,Spring,COVID,85.4,78.8,98.4,98.4,0,94.6,102.1
2021-05-01,1396116.0,38747.0,640679.0,2075542.0,411470.0,1403.0,5593.0,418466.0,125499.0,543965.0,57308.0,695.0,1544587.0,289681.0,474.0,10753.0,300908.0,0.8369499781901333,0.7631459744439247,0.9850694553816108,0.9817965438318504,2021-22,5,May,2021,2,Spring,COVID,83.7,76.3,98.5,98.2,0,104.9,98.9
2021-06-01,1436111.0,39162.0,681859.0,2157132.0,401052.0,1444.0,5423.0,407919.0,127483.0,535402.0,66621.0,1289.0,1559797.0,337587.0,603.0,20648.0,358838.0,0.8129722432875456,0.7315810690577226,0.9809647073678894,0.967187375848205,2021-22,6,Jun,2021,3,Summer,COVID,81.3,73.2,98.1,96.7,0,107.9,94.8
2021-07-01,1430733.0,39313.0,690082.0,2160128.0,402085.0,1323.0,7160.0,410568.0,122144.0,532712.0,89762.0,2208.0,1493118.0,405163.0,853.0,21987.0,428003.0,0.7772118466249653,0.6764163269739448,0.973524116953256,0.9654721878921028,2021-22,7,Jul,2021,4,Summer,COVID,77.7,67.6,97.4,96.5,0,107.5,87.7
2021-08-01,1341757.0,39864.0,654346.0,2035967.0,381911.0,1325.0,5555.0,388791.0,115095.0,503886.0,96008.0,2787.0,1394938.0,397235.0,796.0,18246.0,416277.0,0.7701669873537929,0.6617316078510184,0.975739103931728,0.9697956913419612,2021-22,8,Aug,2021,5,Summer,COVID,77.0,66.2,97.6,97.0,0,100.8,85.8
2021-09-01,1392405.0,40503.0,694296.0,2127204.0,379118.0,1296.0,5309.0,385723.0,121363.0,507086.0,104873.0,5024.0,1421153.0,438530.0,912.0,28768.0,468210.0,0.7521863188810197,0.6396885676114917,0.972520188019766,0.954985925278013,2021-22,9,Sep,2021,6,Autumn,COVID,75.2,64.0,97.3,95.5,0,104.6,82.9
2021-10-01,1419010.0,39701.0,706091.0,2164802.0,389169.0,1176.0,5363.0,395708.0,121475.0,517183.0,121250.0,7058.0,1422881.0,472548.0,850.0,28244.0,501642.0,0.7393421642661584,0.6193521830854877,0.9739439641959414,0.9565790889664396,2021-22,10,Oct,2021,7,Autumn,Post-COVID,73.9,61.9,97.4,95.7,0,106.6,80.3
2021-11-01,1336830.0,39025.0,662100.0,2037955.0,374964.0,1246.0,5298.0,381508.0,124734.0,506242.0,120744.0,10646.0,1344752.0,445743.0,872.0,24365.0,470980.0,0.7406114999350124,0.6190077721070847,0.9728264256777812,0.9602974796680404,2021-22,11,Nov,2021,8,Autumn,Post-COVID,74.1,61.9,97.3,96.0,0,100.5,80.2
2021-12-01,1250568.0,34913.0,589161.0,1874642.0,370950.0,1881.0,7133.0,379964.0,119091.0,499055.0,120131.0,12859.0,1225087.0,423880.0,809.0,18558.0,443247.0,0.7343175886842802,0.6122625579255296,0.9719097222222224,0.9660308976424072,2021-22,12,Dec,2021,9,Winter,Post-COVID,73.4,61.2,97.2,96.6,0,94.0,79.4
2022-01-01,1247417.0,36557.0,591228.0,1875202.0,358968.0,1204.0,5320.0,365492.0,119460.0,484952.0,122433.0,16564.0,1239427.0,410646.0,933.0,16025.0,427604.0,0.7434936722832389,0.6230288342375588,0.9690413777084648,0.9707340146539948,2021-22,1,Jan,2022,10,Winter,Post-COVID,74.3,62.3,96.9,97.1,0,93.7,80.8
2022-02-01,1205820.0,37970.0,581573.0,1825363.0,334835.0,1087.0,5275.0,341197.0,118755.0,459952.0,114908.0,16402.0,1189675.0,412179.0,1128.0,20480.0,433787.0,0.732801260516107,0.6087066726411082,0.963946687122447,0.9619895359865182,2021-22,2,Feb,2022,11,Winter,Post-COVID,73.3,60.9,96.4,96.2,0,90.6,78.9
2022-03-01,1421526.0,41910.0,711362.0,2174798.0,374562.0,1258.0,5728.0,381548.0,132707.0,514255.0,136298.0,22506.0,1388093.0,514135.0,1157.0,34481.0,549773.0,0.7162997854340806,0.5867194948048043,0.966501635831958,0.9477000362509536,2021-22,3,Mar,2022,12,Spring,Post-COVID,71.6,58.7,96.7,94.8,0,106.8,76.1
2022-04-01,1312380.0,37898.0,678518.0,2028796.0,352982.0,1156.0,5793.0,359931.0,119848.0,479779.0,131604.0,24179.0,1311452.0,472636.0,1233.0,29879.0,503748.0,0.7224834728955487,0.5899043992982225,0.9616521008926072,0.9526140085164422,2022-23,4,Apr,2022,1,Spring,Post-COVID,72.2,59.0,96.2,95.3,0,98.6,76.5
2022-05-01,1437421.0,41874.0,753758.0,2233053.0,377496.0,1276.0,6015.0,384787.0,132924.0,517711.0,125318.0,19657.0,1452388.0,503222.0,1182.0,37285.0,541689.0,0.7283510115206183,0.6005645192656487,0.966627138743012,0.9466462323954749,2022-23,5,May,2022,2,Spring,Post-COVID,72.8,60.1,96.7,94.7,0,108.0,77.9
2022-06-01,1400664.0,40910.0,750117.0,2191691.0,366684.0,1265.0,5979.0,373928.0,129120.0,503048.0,130357.0,22017.0,1409139.0,506218.0,1130.0,39053.0,546401.0,0.7205881751332113,0.587388322901579,0.9674482917554876,0.9437246654360536,2022-23,6,Jun,2022,3,Summer,Post-COVID,72.1,58.7,96.7,94.4,0,105.2,76.1
2022-07-01,1397083.0,39632.0,744940.0,2181655.0,362027.0,1198.0,6144.0,369369.0,127730.0,497099.0,135819.0,29139.0,1384730.0,524161.0,1138.0,38151.0,563450.0,0.7107813446396124,0.5714603399630294,0.9659678818146477,0.9448372488461672,2022-23,7,Jul,2022,4,Summer,Post-COVID,71.1,57.1,96.6,94.5,0,105.0,74.1
2022-08-01,1299083.0,40802.0,655794.0,1995679.0,350562.0,1307.0,5219.0,357088.0,124921.0,482009.0,130148.0,28690.0,1274849.0,477571.0,1210.0,24691.0,503472.0,0.7168835097825421,0.5804373169902456,0.9649569926728258,0.9592243527602956,2022-23,8,Aug,2022,5,Summer,Post-COVID,71.7,58.0,96.5,95.9,0,97.6,75.2
2022-09-01,1301611.0,40188.0,666690.0,2008489.0,353779.0,1325.0,5653.0,360757.0,126720.0,487477.0,131572.0,32762.0,1273698.0,492015.0,1986.0,24826.0,518827.0,0.7105608011045871,0.5689769208194445,0.9419060434095828,0.959752542823515,2022-23,9,Sep,2022,6,Autumn,Post-COVID,71.1,56.9,94.2,96.0,0,97.8,73.8
2022-10-01,1399185.0,41440.0,747403.0,2188028.0,367028.0,1411.0,6302.0,374741.0,132106.0,506847.0,150786.0,43793.0,1358170.0,554148.0,1583.0,39546.0,595277.0,0.6952684152679852,0.547996626377875,0.9548771449746308,0.9428842129283936,2022-23,10,Oct,2022,7,Autumn,Post-COVID,69.5,54.8,95.5,94.3,0,105.1,71.0
2022-11-01,1395183.0,42644.0,740977.0,2178804.0,368997.0,1558.0,6271.0,376826.0,138699.0,515525.0,143672.0,37853.0,1341019.0,555656.0,1352.0,45137.0,602145.0,0.690121369066121,0.5450484381243081,0.9626612168245464,0.9341645237841724,2022-23,11,Nov,2022,8,Autumn,Post-COVID,69.0,54.5,96.3,93.4,0,104.8,70.7
2022-12-01,1437681.0,36592.0,819806.0,2294079.0,378202.0,1359.0,6171.0,385732.0,131712.0,517444.0,170121.0,54573.0,1333914.0,633276.0,1065.0,77540.0,711881.0,0.652027207027097,0.4963683545421216,0.9656418363067394,0.8976206100248356,2022-23,12,Dec,2022,9,Winter,Post-COVID,65.2,49.6,96.6,89.8,0,108.0,64.3
2023-01-01,1243898.0,42076.0,682364.0,1968338.0,364353.0,1464.0,5386.0,371203.0,137576.0,508779.0,142210.0,42767.0,1274038.0,457163.0,1452.0,24430.0,483045.0,0.7250869765400951,0.5803772871380553,0.9594175354258084,0.9613352705264924,2022-23,1,Jan,2023,10,Winter,Post-COVID,72.5,58.0,95.9,96.1,0,93.5,75.2
2023-02-01,1206386.0,41717.0,666176.0,1914279.0,339726.0,1403.0,4993.0,346122.0,126734.0,472856.0,126947.0,34975.0,1220370.0,455902.0,1752.0,28638.0,486292.0,0.7150625021240292,0.5675661832357934,0.9504580929759076,0.9535871953946984,2022-23,2,Feb,2023,11,Winter,Post-COVID,71.5,56.8,95.0,95.4,0,90.6,73.6
2023-03-01,1372403.0,46803.0,746745.0,2165951.0,381708.0,1461.0,5198.0,388367.0,143724.0,532091.0,144308.0,39687.0,1383326.0,517815.0,1376.0,31347.0,550538.0,0.7153171060633012,0.5682712758639952,0.96507525571715,0.9549006856902796,2022-23,3,Mar,2023,12,Spring,Post-COVID,71.5,56.8,96.5,95.5,0,103.1,73.7
2023-04-01,1271145.0,42632.0,720263.0,2034040.0,363625.0,1340.0,5150.0,370115.0,120358.0,490473.0,113083.0,26492.0,1353879.0,434469.0,1430.0,24889.0,460788.0,0.7460757262902781,0.609148115995484,0.9601981741260298,0.9626932116604512,2023-24,4,Apr,2023,1,Spring,Post-COVID,74.6,60.9,96.0,96.3,0,95.5,79.0
2023-05-01,1400815.0,45826.0,799278.0,2245919.0,388202.0,1338.0,5548.0,395088.0,133847.0,528935.0,122427.0,31498.0,1481444.0,485602.0,1629.0,33062.0,520293.0,0.740079241179036,0.6038802607396869,0.9580996964864448,0.9551374426361195,2023-24,5,May,2023,2,Spring,Post-COVID,74.0,60.4,95.8,95.5,0,105.3,78.3
2023-06-01,1389009.0,46196.0,790521.0,2225726.0,381815.0,1403.0,4754.0,387972.0,134751.0,522723.0,113791.0,26488.0,1633255.0,553299.0,1904.0,37268.0,592471.0,0.7338077553121992,0.6016591685151068,0.9587843103298987,0.9528564073566672,2023-24,6,Jun,2023,3,Summer,Post-COVID,73.4,60.2,95.9,95.3,0,104.4,78.0
2023-07-01,1379854.0,45513.0,774420.0,2199787.0,391312.0,1383.0,7719.0,400414.0,134268.0,534682.0,108240.0,23396.0,1628514.0,539374.0,1849.0,30050.0,571273.0,0.7403053113778744,0.6091079201132873,0.9593742447212884,0.9611967666124326,2023-24,7,Jul,2023,4,Summer,Post-COVID,74.0,60.9,95.9,96.1,0,103.7,79.0
2023-08-01,1323647.0,43923.0,742291.0,2109861.0,384233.0,1403.0,4206.0,389842.0,134039.0,523881.0,118962.0,27710.0,1540843.0,541452.0,1557.0,26009.0,569018.0,0.7303054561414235,0.5909392761060918,0.9645516016665528,0.9649611809923602,2023-24,8,Aug,2023,5,Summer,Post-COVID,73.0,59.1,96.5,96.5,0,99.5,76.6
2023-09-01,1369045.0,42631.0,758370.0,2170046.0,383234.0,1325.0,4372.0,388931.0,132297.0,521228.0,124956.0,32228.0,1555893.0,579854.0,1744.0,32555.0,614153.0,0.7169861837030183,0.5764536593026526,0.959090802467688,0.9570724052902936,2023-24,9,Sep,2023,6,Autumn,Post-COVID,71.7,57.6,95.9,95.7,0,102.9,74.7
2023-10-01,1413597.0,44769.0,765954.0,2224320.0,401524.0,1431.0,4386.0,407341.0,139530.0,546871.0,143850.0,43534.0,1564021.0,623856.0,1905.0,34538.0,660299.0,0.7031456804776292,0.5586747849634656,0.9574482342692489,0.9549085193105592,2023-24,10,Oct,2023,7,Autumn,Post-COVID,70.3,55.9,95.7,95.5,0,106.2,72.4
2023-11-01,1386008.0,42365.0,739211.0,2167584.0,396755.0,1452.0,4319.0,402526.0,142117.0,544643.0,145934.0,42503.0,1513384.0,618552.0,1888.0,33760.0,654200.0,0.6981893204600145,0.5537168616631362,0.955434910893426,0.9543296839468028,2023-24,11,Nov,2023,8,Autumn,Post-COVID,69.8,55.4,95.5,95.4,0,104.1,71.8
2023-12-01,1384220.0,39282.0,761416.0,2184918.0,406833.0,1327.0,4164.0,412324.0,133819.0,546143.0,148105.0,43858.0,1518656.0,627378.0,1571.0,37313.0,666262.0,0.6950631556882226,0.546764242678187,0.9600071279466422,0.9509952509534868,2023-24,12,Dec,2023,9,Winter,Post-COVID,69.5,54.7,96.0,95.1,0,104.0,70.9
2024-01-01,1397975.0,42835.0,790015.0,2230825.0,403208.0,1399.0,4561.0,409168.0,147086.0,556254.0,158735.0,54312.0,1569718.0,622977.0,1736.0,36394.0,661107.0,0.7036490984277117,0.5543718592964824,0.9594723940702696,0.9539325202686024,2023-24,1,Jan,2024,10,Winter,Post-COVID,70.4,55.4,95.9,95.4,0,105.0,71.9
2024-02-01,1347642.0,43868.0,766312.0,2157822.0,382132.0,1465.0,4231.0,387828.0,139515.0,527343.0,139467.0,44420.0,1531890.0,586821.0,2383.0,36728.0,625932.0,0.7099241735416545,0.5645572043613957,0.945677942919668,0.952071741014104,2023-24,2,Feb,2024,11,Winter,Post-COVID,71.0,56.5,94.6,95.2,0,101.3,73.2
2024-03-01,1462878.0,48922.0,858421.0,2370221.0,420025.0,1515.0,4614.0,426154.0,141302.0,567456.0,140195.0,42972.0,1762147.0,571987.0,1934.0,34153.0,608074.0,0.7434526147561767,0.6089988365400258,0.9604676832508892,0.9602141606507762,2023-24,3,Mar,2024,12,Spring,Post-COVID,74.3,60.9,96.0,96.0,0,109.9,78.9
2024-04-01,1372028.0,51495.0,817145.0,2240668.0,398116.0,1442.0,4376.0,403934.0,140179.0,544113.0,134344.0,42078.0,1668983.0,542955.0,1878.0,26852.0,571685.0,0.7448595686643448,0.6042682802391788,0.9635304398485288,0.967139247012464,2024-25,4,Apr,2024,1,Spring,Post-COVID,74.5,60.4,96.4,96.7,0,103.1,78.3
2024-05-01,1472721.0,51246.0,892325.0,2416292.0,414156.0,1490.0,4558.0,420204.0,144489.0,564693.0,138770.0,42555.0,1787107.0,593795.0,2037.0,33353.0,629185.0,0.7396072163463687,0.5968041468818601,0.9602505561409672,0.9626223629283052,2024-25,5,May,2024,2,Spring,Post-COVID,74.0,59.7,96.0,96.3,0,110.7,77.4
2024-06-01,1405658.0,49382.0,839025.0,2294065.0,396204.0,1406.0,4445.0,402055.0,134829.0,536884.0,128114.0,38106.0,1711109.0,555053.0,1854.0,26049.0,582956.0,0.7458851427487887,0.605129412702094,0.9624559556113564,0.9689532493072316,2024-25,6,Jun,2024,3,Summer,Post-COVID,74.6,60.5,96.2,96.9,0,105.6,78.4
2024-07-01,1425569.0,51499.0,847764.0,2324832.0,405655.0,1479.0,4648.0,411782.0,140686.0,552468.0,129330.0,36806.0,1748671.0,550900.0,1824.0,23437.0,576161.0,0.7521709095538947,0.6135578144586478,0.9645818365405152,0.9723543344610056,2024-25,7,Jul,2024,4,Summer,Post-COVID,75.2,61.4,96.5,97.2,0,107.1,79.5
2024-08-01,1320157.0,48387.0,792247.0,2160791.0,390554.0,1300.0,4661.0,396515.0,129118.0,525633.0,116489.0,28494.0,1649407.0,494499.0,1560.0,15325.0,511384.0,0.7633348158151344,0.6254240972853986,0.967759935519871,0.9806562852241788,2024-25,8,Aug,2024,5,Summer,Post-COVID,76.3,62.5,96.8,98.1,0,99.2,81.1
2024-09-01,1364482.0,48534.0,801201.0,2214217.0,393406.0,1323.0,4677.0,399406.0,131418.0,530824.0,130632.0,38880.0,1643329.0,548522.0,2173.0,20193.0,570888.0,0.7421716119061501,0.5979998270405912,0.955227263361767,0.9747965866243302,2024-25,9,Sep,2024,6,Autumn,Post-COVID,74.2,59.8,95.5,97.5,0,102.5,77.5
2024-10-01,1453242.0,49717.0,857577.0,2360536.0,415893.0,1327.0,4828.0,422048.0,145400.0,567448.0,148788.0,49616.0,1725194.0,609113.0,2183.0,24046.0,635342.0,0.7308484174780643,0.580859209959525,0.956091477764145,0.9719605353221926,2024-25,10,Oct,2024,7,Autumn,Post-COVID,73.1,58.1,95.6,97.2,0,109.2,75.3
2024-11-01,1428050.0,47263.0,839685.0,2314998.0,407955.0,1267.0,4887.0,414109.0,138052.0,552161.0,140782.0,45791.0,1671002.0,614322.0,2016.0,27658.0,643996.0,0.7218157423894103,0.5698175834179475,0.9573450690815224,0.9670614575703984,2024-25,11,Nov,2024,8,Autumn,Post-COVID,72.2,57.0,95.7,96.7,0,107.3,73.9
2024-12-01,1440311.0,44041.0,861582.0,2345934.0,411161.0,1239.0,4667.0,417067.0,135525.0,552592.0,154689.0,54207.0,1668461.0,643382.0,1556.0,32535.0,677473.0,0.7112139557208345,0.5533034184978105,0.9646692854385686,0.9622380690404396,2024-25,12,Dec,2024,9,Winter,Post-COVID,71.1,55.3,96.5,96.2,0,108.2,71.7
2025-01-01,1359026.0,49486.0,809618.0,2218130.0,400481.0,1353.0,4394.0,406228.0,142547.0,548775.0,159582.0,61529.0,1619384.0,574638.0,1925.0,22183.0,598746.0,0.7300672187833896,0.5771692373803003,0.9611001091217718,0.9726006585821956,2024-25,1,Jan,2025,10,Winter,Post-COVID,73.0,57.7,96.1,97.3,0,102.1,74.8
2025-02-01,1271336.0,45682.0,771053.0,2088071.0,362605.0,1252.0,3721.0,367578.0,128517.0,496095.0,131237.0,47623.0,1533925.0,529502.0,1881.0,22763.0,554146.0,0.7346134302904451,0.5835074284060233,0.958824044481415,0.9704780345838744,2024-25,2,Feb,2025,11,Winter,Post-COVID,73.5,58.4,95.9,97.0,0,95.5,75.6
2025-03-01,1450686.0,51237.0,887141.0,2389064.0,404354.0,1366.0,4569.0,410289.0,140840.0,551129.0,133957.0,46766.0,1791316.0,566995.0,2308.0,28445.0,597748.0,0.7497982473470782,0.6091538761661724,0.9549544274645276,0.9679363257926304,2024-25,3,Mar,2025,12,Spring,Post-COVID,75.0,60.9,95.5,96.8,0,109.0,79.0
2025-04-01,1388613.0,49738.0,859070.0,2297421.0,390648.0,1418.0,4226.0,396292.0,131938.0,528230.0,131856.0,44648.0,1718099.0,552458.0,2269.0,24595.0,579322.0,0.7478381193520909,0.602151211316616,0.9543809562105432,0.9713702026610171,2025-26,4,Apr,2025,1,Spring,Post-COVID,74.8,60.2,95.4,97.1,0,104.3,78.1
2025-05-01,1453480.0,50919.0,893130.0,2397529.0,403026.0,1440.0,5060.0,409526.0,135602.0,545128.0,130035.0,42891.0,1807794.0,563803.0,2297.0,23635.0,589735.0,0.7540238303686838,0.6121013017034979,0.9548891376499932,0.973536887127294,2025-26,5,May,2025,2,Spring,Post-COVID,75.4,61.2,95.5,97.4,0,109.2,79.3
2025-06-01,1428563.0,51618.0,871400.0,2351581.0,395628.0,1389.0,4863.0,401880.0,134061.0,535941.0,118171.0,38683.0,1776772.0,546871.0,2043.0,25895.0,574809.0,0.7555648731640543,0.6171880414094443,0.9604207834476346,0.9702834519164564,2025-26,6,Jun,2025,3,Summer,Post-COVID,75.6,61.7,96.0,97.0,0,107.3,80.0
2025-07-01,1469050.0,52989.0,886827.0,2408866.0,412893.0,1443.0,5115.0,419451.0,139941.0,559392.0,115542.0,35467.0,1840562.0,542160.0,2430.0,23714.0,568304.0,0.7640782011120585,0.6309451686464042,0.9541414255788936,0.973259722583999,2025-26,7,Jul,2025,4,Summer,Post-COVID,76.4,63.1,95.4,97.3,0,110.4,81.8
2025-08-01,1383870.0,49084.0,833983.0,2266937.0,394548.0,1261.0,5111.0,400920.0,125479.0,526399.0,115826.0,35909.0,1720066.0,525542.0,2273.0,19056.0,546871.0,0.7587621535137501,0.6202374500494988,0.9536916306739468,0.9771506133818076,2025-26,8,Aug,2025,5,Summer,Post-COVID,75.9,62.0,95.4,97.7,0,104.0,80.4
2025-09-01,1417440.0,50733.0,842049.0,2310222.0,395054.0,1343.0,5349.0,401746.0,133834.0,535580.0,129004.0,44765.0,1733831.0,551664.0,2151.0,22576.0,576391.0,0.7505040641115875,0.6108025736539113,0.9576015611140678,0.9731892087040064,2025-26,9,Sep,2025,6,Autumn,Post-COVID,75.1,61.1,95.8,97.3,0,106.5,79.2
2025-10-01,1481222.0,54756.0,865288.0,2401266.0,406141.0,1364.0,5511.0,413016.0,140483.0,553499.0,142746.0,54326.0,1781392.0,590612.0,2900.0,26362.0,619874.0,0.7418553379758844,0.6012670619258963,0.947037767550588,0.9695338430672792,2025-26,10,Oct,2025,7,Autumn,Post-COVID,74.2,60.1,94.7,97.0,0,111.3,77.9
2025-11-01,1450144.0,49725.0,847177.0,2347046.0,390459.0,1314.0,4971.0,396744.0,135003.0,531747.0,133799.0,50648.0,1741906.0,575050.0,2475.0,27615.0,605140.0,0.7421695186204276,0.6034531743054483,0.9502262443438914,0.967403505996976,2025-26,11,Nov,2025,8,Autumn,Post-COVID,74.2,60.3,95.0,96.7,0,109.0,78.2
2025-12-01,1438207.0,47522.0,840410.0,2326139.0,399039.0,1312.0,5020.0,405371.0,136817.0,542188.0,137777.0,50789.0,1717664.0,580693.0,2040.0,25742.0,608475.0,0.7384184694035911,0.5962382327439653,0.95707251378309,0.96936971240228,2025-26,12,Dec,2025,9,Winter,Post-COVID,73.8,59.6,95.7,96.9,0,108.1,77.3
2026-01-01,1434757.0,50710.0,833829.0,2319296.0,395611.0,1399.0,4932.0,401942.0,144194.0,546136.0,161141.0,71517.0,1680358.0,612375.0,2484.0,24079.0,638938.0,0.724512093324871,0.5731855638271847,0.9510155787813056,0.971122376410511,2025-26,1,Jan,2026,10,Winter,Post-COVID,72.5,57.3,95.1,97.1,0,107.8,74.3
2026-02-01,1298005.0,48233.0,771212.0,2117450.0,355598.0,1281.0,5051.0,361930.0,131085.0,493015.0,132238.0,54649.0,1568084.0,527236.0,1949.0,20181.0,549366.0,0.7405530236841484,0.5938105015003794,0.959591980594199,0.9738320980482668,2025-26,2,Feb,2026,11,Winter,Post-COVID,74.1,59.4,96.0,97.4,0,97.5,77.0
2026-03-01,1478144.0,55393.0,898735.0,2432272.0,402356.0,1423.0,6226.0,410005.0,143887.0,553892.0,123870.0,46665.0,1875561.0,530779.0,2064.0,23868.0,556711.0,0.7711148259734109,0.6409152288275026,0.9627389742386222,0.9734426722003704,2025-26,3,Mar,2026,12,Spring,Post-COVID,77.1,64.1,96.3,97.3,0,111.1,83.1
2026-04-01,1430825.0,52714.0,861790.0,2345329.0,386257.0,1441.0,5107.0,392805.0,132855.0,525660.0,122616.0,47750.0,1803787.0,517598.0,2308.0,21636.0,541542.0,0.7690976404589719,0.6382520573794839,0.9562165648594302,0.9748941157358522,2026-27,4,Apr,2026,1,Spring,Post-COVID,76.9,63.8,95.6,97.5,0,107.5,82.7
